time,latitude,longitude,depth,mag,magType,nst,gap,dmin,rms,net,id,updated,place,type,horizontalError,depthError,magError,magNst,status,locationSource,magSource
2021-10-12T15:16:11.175Z,9.8834,124.2825,10,4.7,mb,,44,3.075,0.65,us,us6000fuxq,2021-12-18T19:58:58.040Z,"1 km S of Dagohoy, Philippines",earthquake,3.9,1.8,0.106,31,reviewed,us,us
2021-09-26T05:30:05.889Z,9.823,123.7196,10,4.5,mb,,109,3.296,0.5,us,us6000fqhc,2021-12-04T14:28:32.040Z,"8 km WNW of Loon, Philippines",earthquake,7.2,1.9,0.15,16,reviewed,us,us
2019-03-25T02:53:02.320Z,9.8631,123.9207,10,4.6,mb,,115,3.224,0.66,us,us1000jl4u,2019-06-06T18:54:26.040Z,"0 km SE of Bagacay, Philippines",earthquake,8.6,1.9,0.095,33,reviewed,us,us
2017-08-10T00:43:19.030Z,9.498,124.0866,524.62,5,mb,,21,2.828,0.91,us,us2000a6rc,2017-10-25T00:38:06.040Z,"16 km SSE of Loboc, Philippines",earthquake,9,5.8,0.046,153,reviewed,us,us
2017-05-24T14:08:07.630Z,9.7355,124.5407,41.12,4.5,mb,,71,2.841,0.72,us,us10008uuw,2017-08-10T01:34:00.040Z,"0 km ENE of Candabong, Philippines",earthquake,9.1,8.2,0.096,32,reviewed,us,us
2015-11-24T08:36:55.040Z,9.8462,124.2518,10,4.5,mb,,112,7.351,1.37,us,us100040vt,2022-08-01T20:02:23.330Z,"3 km E of Buenavista, Philippines",earthquake,13.7,1.9,0.145,14,reviewed,us,us
2015-08-10T20:19:31.020Z,9.7938,124.338,21.52,4.5,mb,,146,2.972,0.61,us,us100035b3,2015-11-06T18:06:30.040Z,"4 km SSE of Pilar, Philippines",earthquake,11.9,7.4,0.124,19,reviewed,us,us
2015-03-30T01:47:48.930Z,10.0337,124.2303,10,4.9,mb,,67,5.169,1.23,us,us10001rwj,2022-08-07T07:55:13.943Z,"11 km W of Hinlayagan Ilaud, Philippines",earthquake,8.9,1.8,0.093,36,reviewed,us,us
2015-01-17T00:02:51.110Z,9.706,123.8793,85.3,4.4,mb,,108,3.112,0.7,us,usb000tim9,2015-04-20T15:34:54.040Z,"1 km ENE of De la Paz, Philippines",earthquake,4.5,8.5,0.161,12,reviewed,us,us
2014-11-04T13:52:41.640Z,9.8009,124.1084,66.81,4.4,mb,,112,3.079,0.62,us,usc000suc4,2022-07-27T06:38:08.412Z,"4 km WNW of Batuan, Philippines",earthquake,9.9,7.2,0.123,19,reviewed,us,us
2014-07-19T22:21:54.330Z,9.8498,124.156,10,4.6,mb,,49,3.1,0.94,us,usb000run2,2022-07-26T19:56:56.598Z,"1 km WNW of Nueva Fuerza, Philippines",earthquake,,1.8,0.062,82,reviewed,us,us
2014-07-11T05:22:06.080Z,10.0835,124.137,10,4.4,mb,,134,3.316,1.1,us,usb000rtmb,2014-10-10T08:02:12.000Z,"7 km SSW of Jetafe, Philippines",earthquake,,1.9,0.162,11,reviewed,us,us
2014-06-17T05:42:47.230Z,9.8081,124.4801,103.39,4.1,mb,,135,2.929,1.24,us,usc000rmuh,2014-09-12T15:48:07.000Z,"1 km ENE of Biabas, Philippines",earthquake,,9.3,0.52,4,reviewed,us,us
2014-05-10T12:52:04.090Z,9.9574,124.0633,10,4.4,mb,,146,3.237,0.8,us,usb000qk4u,2014-08-06T00:55:29.000Z,"2 km SE of Nahawan, Philippines",earthquake,,1.9,0.134,16,reviewed,us,us
2014-05-03T09:52:53.620Z,9.8658,124.2604,10,4.4,mb,,122,3.069,0.72,us,usb000r0vg,2014-07-27T21:51:18.000Z,"4 km SSW of Dagohoy, Philippines",earthquake,,1.9,0.179,10,reviewed,us,us
2014-04-25T06:58:57.930Z,9.9991,124.0129,10,4.6,mb,,89,3.297,1,us,usb000pz1q,2022-07-26T13:44:13.472Z,"4 km NNW of Clarin, Philippines",earthquake,,1.8,0.096,36,reviewed,us,us
2014-04-23T13:15:51.070Z,9.9257,124.3956,73.59,4.3,mb,,141,23.727,0.32,us,usb000qqsw,2014-07-14T20:11:11.000Z,"4 km SW of San Pascual, Philippines",earthquake,,11.3,0.178,9,reviewed,us,us
2014-02-21T02:24:44.300Z,9.7747,124.3464,89.16,4.5,mb,,130,2.951,0.52,us,usb000n1ga,2014-05-07T00:03:05.000Z,"2 km NNW of Mayana, Philippines",earthquake,,8.7,0.181,12,reviewed,us,us
2014-02-14T21:04:13.610Z,9.8166,124.3147,10,4.5,mb,,117,3.002,0.54,us,usb000my52,2014-04-30T21:18:20.000Z,"1 km SW of Pilar, Philippines",earthquake,,1.9,0.145,14,reviewed,us,us
2013-12-03T04:24:54.220Z,9.6124,123.691,10,4.3,mb,,137,19.249,0.67,us,usb000lcpd,2014-02-15T01:32:07.000Z,"5 km WNW of Doljo, Philippines",earthquake,,1.9,0.201,,reviewed,us,us
2013-11-30T12:44:58.940Z,9.9622,124.0399,10,4.6,mb,,49,3.252,0.59,us,usb000lbcf,2022-07-26T04:15:57.511Z,"1 km SW of Nahawan, Philippines",earthquake,,1.8,0.084,,reviewed,us,us
2013-11-26T06:15:57.160Z,9.5715,124.0279,10.01,4.7,mb,,147,2.921,0.96,us,usb000l858,2014-02-12T01:08:33.000Z,"7 km S of Loboc, Philippines",earthquake,,4.5,0.274,,reviewed,us,us
2013-11-20T15:41:25.320Z,10.1317,124.3129,10,4.8,mb,,99,8.986,1.09,us,usb000l6sq,2014-02-11T02:18:52.000Z,"2 km SW of Talibon, Philippines",earthquake,,1.8,0.154,,reviewed,us,us
2013-11-17T11:29:09.570Z,9.7606,123.7706,10,4.4,mb,,156,3.216,0.97,us,usb000l4ds,2022-07-26T02:46:36.862Z,"4 km SSW of Loon, Philippines",earthquake,,1.9,0.149,,reviewed,us,us
2013-11-14T18:13:53.150Z,9.8298,124.0977,10,4.7,mb,,90,3.109,0.93,us,usb000kxyj,2022-07-26T01:38:54.842Z,"7 km NW of Batuan, Philippines",earthquake,,1.8,0.072,,reviewed,us,us
2013-11-12T05:21:22.110Z,9.8868,124.1114,10,4.8,mb,,80,3.153,1.03,us,usb000kw1a,2022-07-26T01:25:32.721Z,"3 km SE of Sagbayan, Philippines",earthquake,,1.8,0.109,,reviewed,us,us
2013-11-10T13:21:08.450Z,9.8545,123.8917,10,4.4,mb,,77,3.231,1.24,us,usb000kz28,2014-01-17T00:29:15.000Z,"3 km WSW of Bagacay, Philippines",earthquake,,1.9,0.17,,reviewed,us,us
2013-11-07T07:31:48.560Z,9.8277,123.9798,10,4.5,mb,,133,23.371,0.62,us,usb000ky78,2014-01-17T00:29:10.000Z,"7 km N of Balilihan, Philippines",earthquake,,4.2,0.15,,reviewed,us,us
2013-11-04T20:59:04.640Z,9.9707,124.0653,10,4.6,mb,,154,20.049,0.56,us,usb000kyii,2022-07-26T03:16:02.491Z,"1 km E of Nahawan, Philippines",earthquake,,2,0.193,,reviewed,us,us
2013-11-01T13:58:39.750Z,9.8433,124.153,10,5,mb,,81,5.274,1.09,us,usb000kqyn,2022-07-26T00:48:51.269Z,"1 km WSW of Nueva Fuerza, Philippines",earthquake,,1.8,0.065,,reviewed,us,us
2013-10-31T10:18:30.230Z,9.9509,124.196,10,4.3,mb,,158,3.172,1.2,us,usb000kyd7,2014-01-10T10:03:39.000Z,"11 km WNW of Dagohoy, Philippines",earthquake,,2.6,0.266,,reviewed,us,us
2013-10-31T10:11:45.880Z,9.8689,124.0985,20.58,4.6,mb,,100,3.143,1,us,usc000ksc4,2022-07-26T00:45:50.757Z,"5 km S of Sagbayan, Philippines",earthquake,,4.3,0.095,,reviewed,us,us
2013-10-29T15:41:20.320Z,10.0483,124.2874,10,4.8,mb,,114,3.223,1.08,us,usb000kybg,2022-07-26T02:01:16.132Z,"5 km WNW of Hinlayagan Ilaud, Philippines",earthquake,,1.8,0.099,,reviewed,us,us
2013-10-25T16:59:48.860Z,9.7758,124.1243,10,4.6,mb,,100,3.049,0.74,us,usc000kn4e,2022-07-26T00:32:34.655Z,"2 km WSW of Batuan, Philippines",earthquake,,1.8,0.089,,reviewed,us,us
2013-10-25T04:21:20.120Z,9.982,124.3423,9.99,4.5,mb,,191,3.141,1.12,us,usb000kx9d,2014-01-03T00:32:52.000Z,"0 km SSE of San Miguel, Philippines",earthquake,,3.1,0.205,,reviewed,us,us
2013-10-25T03:01:09.890Z,10.0085,124.2635,10,4.3,mb,,146,3.196,0.85,us,usb000kx9c,2022-07-26T02:21:04.363Z,"8 km WSW of Hinlayagan Ilaud, Philippines",earthquake,,2.8,0.202,,reviewed,us,us
2013-10-23T05:28:46.620Z,9.7886,123.8353,10,4.2,mb,,117,3.205,0.72,us,usb000kx7d,2014-01-03T00:32:51.000Z,"4 km ESE of Loon, Philippines",earthquake,,4.4,0.263,,reviewed,us,us
2013-10-22T18:42:02.070Z,10.0082,124.155,12.86,5.1,mb,,34,3.241,1.15,us,usb000kign,2022-07-26T00:23:23.940Z,"10 km NE of Canmaya Diot, Philippines",earthquake,,3,0.045,,reviewed,us,us
2013-10-22T12:29:32.910Z,9.8813,124.4493,10,4.5,mb,,71,3.008,1.15,us,usb000kx6q,2014-01-03T00:32:50.000Z,"1 km SSE of Alicia, Philippines",earthquake,,1.9,0.102,,reviewed,us,us
2013-10-22T03:13:08.500Z,9.6891,124.0703,10,4.3,mb,,105,3,1.06,us,usb000kx6b,2014-01-03T00:32:50.000Z,"6 km NE of Loboc, Philippines",earthquake,,1.9,0.161,,reviewed,us,us
2013-10-21T14:22:17.630Z,10.1421,124.2947,20.06,4.6,mb,,145,3.306,1.43,us,usb000khuw,2022-07-26T00:01:22.086Z,"2 km SW of San Francisco, Philippines",earthquake,,3.1,0.114,,reviewed,us,us
2013-10-21T11:43:15.900Z,10.0619,123.99,10,4.5,mb,,137,3.362,0.72,us,usb000khu2,2013-12-30T23:41:16.000Z,"11 km NNW of Clarin, Philippines",earthquake,,1.9,0.109,,reviewed,us,us
2013-10-21T01:12:53.670Z,9.9291,123.8402,10,4.5,mb,,162,3.321,0.69,us,usb000kx59,2013-12-30T23:41:16.000Z,"4 km WNW of San Isidro, Philippines",earthquake,,1.9,0.157,,reviewed,us,us
2013-10-20T23:34:12.770Z,9.9204,124.1584,10,4.8,mb,,36,3.161,0.85,us,usb000khqk,2022-07-26T00:18:26.287Z,"7 km ESE of Canmaya Diot, Philippines",earthquake,,1.8,0.061,,reviewed,us,us
2013-10-20T23:22:48.690Z,9.6778,124.2559,10,4.3,mb,,106,2.903,0.84,us,usc000kpfq,2013-12-30T23:41:16.000Z,"2 km SW of Estaca, Philippines",earthquake,,1.8,0.169,,reviewed,us,us
2013-10-20T23:03:20.310Z,9.7837,124.0278,23.14,5.3,mb,,32,3.102,0.85,us,usb000khq7,2022-07-26T00:17:25.081Z,"6 km ENE of Balilihan, Philippines",earthquake,,3.1,0.041,,reviewed,us,us
2013-10-20T10:30:35.720Z,9.6599,123.8095,10,4.5,mb,,179,8.336,0.99,us,usc000kpfd,2013-12-30T23:41:15.000Z,"3 km NNW of Songculan, Philippines",earthquake,,1.9,0.15,,reviewed,us,us
2013-10-20T08:05:39.580Z,9.7683,123.6983,10,5.3,mb,,37,3.263,1.01,us,usb000khj3,2022-07-26T00:10:27.323Z,"10 km WSW of Loon, Philippines",earthquake,,1.7,0.044,,reviewed,us,us
2013-10-20T06:23:57.460Z,9.8651,124.1155,10,4.7,mb,,53,8.696,0.72,us,usb000khit,2013-12-30T23:41:15.000Z,"6 km WNW of Nueva Fuerza, Philippines",earthquake,,1.9,0.062,,reviewed,us,us
2013-10-20T01:45:35.090Z,9.8521,124.0508,23.14,4.9,mb,,36,3.15,0.64,us,usb000khgz,2022-07-26T00:07:46.087Z,"8 km SSW of Sagbayan, Philippines",earthquake,,3.2,0.063,,reviewed,us,us
2013-10-19T22:53:01.260Z,10.0591,124.187,10,4.7,mb,,59,3.273,0.7,us,usc000kpej,2022-07-26T00:38:48.254Z,"10 km SSE of Jetafe, Philippines",earthquake,,1.9,0.108,,reviewed,us,us
2013-10-19T22:38:08.240Z,9.9668,124.3264,10,4.6,mb,,93,3.133,1.17,us,usb000khft,2022-07-26T00:33:36.546Z,"2 km SW of San Miguel, Philippines",earthquake,,1.6,0.083,,reviewed,us,us
2013-10-19T21:43:28.290Z,10.06,124.3542,10,4.8,mb,,46,8.992,0.96,us,usb000khf4,2022-07-26T00:06:31.409Z,"2 km SSE of Trinidad, Philippines",earthquake,,1.1,0.059,,reviewed,us,us
2013-10-19T21:31:23.060Z,10.066,124.1876,10,4.7,mb,,108,13.258,0.84,us,usc000kpef,2013-12-30T23:41:14.000Z,"9 km SSE of Jetafe, Philippines",earthquake,,1.9,0.137,,reviewed,us,us
2013-10-19T21:29:36.700Z,10.0397,124.2137,10,4.9,mb,,45,3.245,0.76,us,usb000khf0,2022-07-26T00:05:29.060Z,"13 km WSW of San Roque, Philippines",earthquake,,1.8,0.058,,reviewed,us,us
2013-10-19T21:11:46.610Z,9.6202,123.7329,10,4.7,mb,,43,3.123,0.72,us,usb000khf3,2013-12-30T23:41:14.000Z,"3 km N of Doljo, Philippines",earthquake,,1.8,0.06,,reviewed,us,us
2013-10-19T20:40:41.250Z,10.0841,124.2202,10,4.9,mb,,45,3.282,0.42,us,usb000khea,2022-07-26T00:09:12.435Z,"8 km SSW of Bagacay, Philippines",earthquake,,1.8,0.066,,reviewed,us,us
2013-10-19T11:19:29.780Z,9.8945,124.4839,10,4.4,mb,,150,9.038,0.67,us,usc000kpe5,2013-12-30T23:41:14.000Z,"3 km SW of Abaca, Philippines",earthquake,,1.9,0.098,,reviewed,us,us
2013-10-18T23:51:36.770Z,9.5475,123.7291,10,4.3,mb,,71,14.688,0.68,us,usc000kpdm,2013-12-30T23:41:13.000Z,"3 km ENE of Danao, Philippines",earthquake,,1.9,0.133,,reviewed,us,us
2013-10-18T17:31:54.390Z,9.9587,124.5014,10.35,4.4,mb,,99,9.08,0.72,us,usc000kpdc,2013-12-30T23:41:13.000Z,"4 km N of Abaca, Philippines",earthquake,,5.1,0.139,,reviewed,us,us
2013-10-18T13:22:10.350Z,9.7491,123.9294,23,4.5,mb,,95,8.481,1.47,us,usc000kpd7,2013-12-30T23:41:13.000Z,"4 km W of Balilihan, Philippines",earthquake,,1.5,0.121,,reviewed,us,us
2013-10-18T08:54:38.000Z,9.6729,124.0043,10,4.3,mb,,123,3.019,0.97,us,usc000kpcy,2013-12-30T23:41:12.000Z,"5 km NW of Loboc, Philippines",earthquake,,1.9,0.188,,reviewed,us,us
2013-10-18T08:48:04.520Z,9.7677,123.9592,10,4.8,mb,,73,3.123,1.43,us,usb000kg9j,2022-07-26T00:00:15.615Z,"1 km NW of Balilihan, Philippines",earthquake,,1.7,0.07,,reviewed,us,us
2013-10-18T07:24:31.660Z,9.9077,124.0799,10,4.6,mb,,91,3.185,0.84,us,usb000kg8l,2022-07-25T23:58:14.446Z,"1 km WSW of Sagbayan, Philippines",earthquake,,1.8,0.109,,reviewed,us,us
2013-10-17T13:56:41.120Z,9.8109,123.7009,23,4.5,mb,,116,3.296,1.13,us,usc000kpc2,2013-12-30T23:41:12.000Z,"10 km W of Loon, Philippines",earthquake,,1.9,0.109,,reviewed,us,us
2013-10-17T05:46:01.750Z,9.9612,124.1487,10,4.6,mb,,107,3.202,0.93,us,usb000kfg7,2013-12-30T23:41:11.000Z,"6 km ENE of Canmaya Diot, Philippines",earthquake,,1.8,0.073,,reviewed,us,us
2013-10-17T05:38:34.520Z,9.6183,123.87,10,4.4,mb,,50,3.045,0.79,us,usc000kpbn,2013-12-30T23:41:11.000Z,"0 km SSE of Dauis, Philippines",earthquake,,1.9,0.17,,reviewed,us,us
2013-10-17T03:36:25.660Z,9.8017,124.5275,10,4.2,mb,,133,2.906,0.85,us,usc000kpbm,2013-12-30T23:41:11.000Z,"2 km ENE of Giawang, Philippines",earthquake,,1.9,0.176,,reviewed,us,us
2013-10-17T03:29:22.820Z,9.8278,124.4286,10,4.5,mb,,128,2.967,0.74,us,usb000kfdr,2013-12-30T23:41:11.000Z,"5 km NW of Biabas, Philippines",earthquake,,1.9,0.119,,reviewed,us,us
2013-10-16T23:37:28.370Z,9.702,123.7936,10,5.3,mb,,43,3.156,1.39,us,usb000kfbv,2022-07-25T23:53:12.924Z,"6 km SW of Bood, Philippines",earthquake,,1.6,0.048,,reviewed,us,us
2013-10-16T22:19:12.410Z,9.9295,123.982,24.42,4.9,mb,,71,3.25,1.29,us,usb000kfad,2013-12-30T23:41:11.000Z,"2 km S of Panaytayon, Philippines",earthquake,,2.5,0.066,,reviewed,us,us
2013-10-16T17:04:31.940Z,9.8926,124.0694,20.96,4.8,mb,,103,3.177,0.55,us,usb000kevr,2013-12-30T23:41:11.000Z,"3 km SW of Sagbayan, Philippines",earthquake,,4,0.088,,reviewed,us,us
2013-10-16T15:35:33.090Z,9.8188,123.891,24.02,4.5,mb,,148,8.476,0.79,us,usc000kpaz,2013-12-30T23:41:11.000Z,"6 km SSW of Bagacay, Philippines",earthquake,,10.1,0.18,,reviewed,us,us
2013-10-16T15:32:45.430Z,9.5926,123.701,20.22,4.9,mb,,67,3.12,1.09,us,usb000kesc,2013-12-30T23:41:11.000Z,"3 km W of Doljo, Philippines",earthquake,,2.7,0.076,,reviewed,us,us
2013-10-16T15:32:07.430Z,9.4842,124.2394,20,4.6,mb,,174,8.654,0.91,us,usc000kpay,2013-12-30T23:41:11.000Z,"14 km SSE of Valencia, Philippines",earthquake,,3.1,0.207,,reviewed,us,us
2013-10-16T09:56:53.500Z,9.9535,124.1025,10,4.9,mb,,78,3.216,0.81,us,usb000kely,2013-12-30T23:41:10.000Z,"1 km NNE of Canmaya Diot, Philippines",earthquake,,1.8,0.07,,reviewed,us,us
2013-10-16T07:31:28.340Z,9.6439,123.7571,20.79,5,mb,,73,3.129,0.99,us,usb000kejw,2022-07-25T23:49:11.793Z,"3 km WNW of San Agustin, Philippines",earthquake,,3.6,0.073,,reviewed,us,us
2013-10-16T07:17:32.620Z,9.7233,123.906,10.32,4.4,mb,,132,18.822,1,us,usc000kpal,2013-12-30T23:41:10.000Z,"5 km ENE of De la Paz, Philippines",earthquake,,2.9,0.191,,reviewed,us,us
2013-10-16T06:33:31.060Z,9.8613,124.1728,18.49,4.6,mb,,78,3.102,0.85,us,usb000kein,2022-07-25T23:48:10.844Z,"1 km NNE of Nueva Fuerza, Philippines",earthquake,,3.6,0.122,,reviewed,us,us
2013-10-16T05:33:43.130Z,9.5805,123.8951,26.2,4,mb,,82,3,0.64,us,usc000kpaf,2013-12-30T23:41:10.000Z,"4 km ESE of Catarman, Philippines",earthquake,,5.6,0.519,,reviewed,us,us
2013-10-16T05:28:39.120Z,9.9237,124.1711,19.96,4.6,mb,,78,3.159,0.83,us,usb000keh5,2022-07-25T23:47:08.698Z,"8 km N of Nueva Fuerza, Philippines",earthquake,,3.3,0.114,,reviewed,us,us
2013-10-16T03:04:02.600Z,9.9008,124.4289,10,4.4,mb,,155,3.034,0.96,us,usc000kpab,2013-12-30T23:41:10.000Z,"1 km WNW of Alicia, Philippines",earthquake,,1.9,0.149,,reviewed,us,us
2013-10-16T02:42:21.080Z,9.8625,124.3589,10,4.9,mb,,91,3.025,0.73,us,usb000kedv,2022-07-25T23:46:09.281Z,"4 km WSW of La Hacienda, Philippines",earthquake,,1.8,0.066,,reviewed,us,us
2013-10-15T22:51:53.870Z,9.7053,124.5184,10,4.5,mb,,179,2.821,0.85,us,usb000kiz2,2013-12-30T23:41:10.000Z,"3 km SSW of Candabong, Philippines",earthquake,,1.9,0.241,,reviewed,us,us
2013-10-15T19:47:49.280Z,9.6852,123.7557,11.75,4.5,mb,,119,3.163,0.88,us,usb000kiys,2013-12-30T23:41:10.000Z,"6 km NNW of San Agustin, Philippines",earthquake,,3.8,0.103,,reviewed,us,us
2013-10-15T19:30:33.990Z,9.9988,124.1999,9.94,4.5,mb,,125,3.214,1.39,us,usb000kiyq,2013-12-30T23:41:09.000Z,"13 km ENE of Canmaya Diot, Philippines",earthquake,,3.8,0.131,,reviewed,us,us
2013-10-15T17:32:33.680Z,10.0682,124.1852,9.57,4.7,mb,,85,3.282,1.18,us,usb000kduz,2013-12-30T23:41:09.000Z,"9 km SSE of Jetafe, Philippines",earthquake,,5.2,0.093,,reviewed,us,us
2013-10-15T16:57:18.340Z,9.9047,124.1727,20.12,4.8,mb,,97,8.764,1.14,us,usb000kdtk,2013-12-30T23:41:09.000Z,"6 km N of Nueva Fuerza, Philippines",earthquake,,2.7,0.078,,reviewed,us,us
2013-10-15T16:05:57.130Z,9.8624,124.0233,20,4.7,mb,,65,3.172,0.86,us,usb000kiyl,2013-12-30T23:41:09.000Z,"9 km SW of Sagbayan, Philippines",earthquake,,3,0.12,,reviewed,us,us
2013-10-15T15:42:04.840Z,10.0208,124.2895,20.2,4.5,mb,,93,3.197,0.82,us,usb000kiyj,2013-12-30T23:41:09.000Z,"5 km WSW of Hinlayagan Ilaud, Philippines",earthquake,,3,0.128,,reviewed,us,us
2013-10-15T15:08:50.180Z,9.7375,124.0851,20.07,4.6,mb,,155,21.613,0.91,us,usb000kiyi,2013-12-30T23:41:09.000Z,"8 km SW of Batuan, Philippines",earthquake,,2.7,0.207,,reviewed,us,us
2013-10-15T14:14:26.410Z,9.7806,124.3691,28.05,4.5,mb,,169,2.947,0.91,us,usb000kiyd,2013-12-30T23:41:09.000Z,"3 km NE of Mayana, Philippines",earthquake,,6.3,0.136,,reviewed,us,us
2013-10-15T13:51:20.290Z,9.8126,123.8515,20.78,5.1,mb,,55,3.216,1.07,us,usb000kdnn,2022-05-03T16:38:22.050Z,"6 km ENE of Loon, Philippines",earthquake,,1.3,0.061,,reviewed,us,us
2013-10-15T13:18:48.040Z,9.924,124.3892,20,4.4,mb,,156,8.965,0.5,us,usb000kiy9,2013-12-30T23:41:09.000Z,"4 km N of La Hacienda, Philippines",earthquake,,3,0.19,,reviewed,us,us
2013-10-15T13:01:16.080Z,9.9334,124.1521,20.41,4.9,mb,,83,3.176,1.01,us,usb000kdms,2013-12-30T23:41:09.000Z,"6 km E of Canmaya Diot, Philippines",earthquake,,2.8,0.084,,reviewed,us,us
2013-10-15T10:49:53.180Z,9.8713,123.7484,13.8,4.6,mb,,58,3.32,1.11,us,usb000kdl1,2013-12-30T23:41:09.000Z,"9 km NNW of Loon, Philippines",earthquake,,3.8,0.072,,reviewed,us,us
2013-10-15T10:47:44.430Z,9.6909,123.8383,10,4.5,mb,,66,3.122,1.15,us,usb000kiy2,2013-12-30T23:41:09.000Z,"3 km WSW of De la Paz, Philippines",earthquake,,1.9,0.104,,reviewed,us,us
2013-10-15T10:11:24.620Z,9.7865,124.1275,20.23,4.5,mb,,73,3.057,0.85,us,usb000kiy0,2013-12-30T23:41:09.000Z,"2 km WNW of Batuan, Philippines",earthquake,,4.9,0.139,,reviewed,us,us
2013-10-15T10:07:23.930Z,9.9897,123.8365,23.31,4.6,mb,,117,3.374,1.15,us,usb000kdkg,2013-12-30T23:41:09.000Z,"9 km NNW of San Isidro, Philippines",earthquake,,5.5,0.101,,reviewed,us,us
2013-10-15T09:47:13.470Z,9.7405,124.1799,19.1,4.7,mb,,89,2.993,1.32,us,usb000kdk7,2013-12-30T23:41:09.000Z,"4 km S of Nueva Vida Sur, Philippines",earthquake,,3.6,0.075,,reviewed,us,us
2013-10-15T09:33:52.080Z,9.7816,124.4266,19.87,4.4,mb,,150,8.94,0.99,us,usb000kixz,2013-12-30T23:41:09.000Z,"1 km ENE of Lombog, Philippines",earthquake,,4.6,0.123,,reviewed,us,us
2013-10-15T09:18:19.720Z,9.7962,124.0494,12.62,4.7,mb,,62,3.103,1.08,us,usb000kdjs,2013-12-30T23:41:09.000Z,"9 km ENE of Balilihan, Philippines",earthquake,,3.7,0.077,,reviewed,us,us
2013-10-15T08:52:18.090Z,9.9194,124.0356,10,5.3,mb,,45,3.216,0.69,us,usb000kdjb,2022-05-03T16:29:23.611Z,"4 km SSE of Clarin, Philippines",earthquake,,1.6,0.05,,reviewed,us,us
2013-10-15T08:42:49.580Z,9.7931,123.6885,16.01,5.7,mww,,17,3.289,0.61,us,usb000kdj6,2022-07-25T23:35:56.960Z,"11 km W of Loon, Philippines",earthquake,,2.8,,,reviewed,us,us
2013-10-15T08:36:20.900Z,9.8331,124.261,6.74,5.6,mwb,,24,3.039,0.62,us,usb000kdj3,2022-05-03T17:52:51.287Z,"4 km E of Buenavista, Philippines",earthquake,,2.8,0.05,,reviewed,us,us
2013-10-15T08:23:05.710Z,9.7744,123.9529,10,4.3,mb,,122,3.132,0.45,us,usb000kixt,2013-12-30T23:41:08.000Z,"2 km NW of Balilihan, Philippines",earthquake,,1.9,0.125,,reviewed,us,us
2013-10-15T07:59:04.340Z,9.8732,124.1266,10,4.3,mb,,106,3.134,0.31,us,usb000kixs,2013-12-30T23:41:08.000Z,"5 km NW of Nueva Fuerza, Philippines",earthquake,,1.9,0.177,,reviewed,us,us
2013-10-15T05:47:16.220Z,10.2052,124.2466,20.28,4.5,mb,,118,3.382,0.89,us,usb000kdh7,2013-12-30T23:41:08.000Z,"6 km NNW of Bagacay, Philippines",earthquake,,2.9,0.124,,reviewed,us,us
2013-10-15T05:46:27.360Z,10.0235,124.0958,20.12,4.2,mb,,172,3.281,0.78,us,usb000kixj,2013-12-30T23:41:08.000Z,"7 km NE of Nahawan, Philippines",earthquake,,3,0.132,,reviewed,us,us
2013-10-15T05:16:47.760Z,9.8952,123.8127,19.97,4.3,mb,,179,3.306,0.78,us,usb000kdh4,2013-12-30T23:41:08.000Z,"6 km W of Calape, Philippines",earthquake,,3,0.202,,reviewed,us,us
2013-10-15T05:12:15.750Z,9.7877,123.8606,20.14,4.6,mb,,100,3.191,0.73,us,usb000kdgz,2013-12-30T23:41:08.000Z,"5 km NNE of Maribojoc, Philippines",earthquake,,2.9,0.107,,reviewed,us,us
2013-10-15T04:36:25.720Z,9.6724,123.7784,10,4.4,mb,,129,3.14,0.94,us,usb000kixd,2013-12-30T23:41:08.000Z,"Negros - Cebu region, Philippines",earthquake,,1.9,0.162,,reviewed,us,us
2013-10-15T04:22:27.390Z,9.8526,124.0053,10,5,mb,,44,3.173,0.74,us,usb000kdf4,2013-12-30T23:41:08.000Z,"9 km E of Bagacay, Philippines",earthquake,,1.8,0.054,,reviewed,us,us
2013-10-15T04:00:27.970Z,9.5484,123.7027,10,4.4,mb,,117,3.084,0.96,us,usb000kixc,2013-12-30T23:41:08.000Z,"5 km SW of Doljo, Philippines",earthquake,,1.8,0.107,,reviewed,us,us
2013-10-15T03:48:54.190Z,9.9318,124.3195,10,4.4,mb,,144,3.104,0.88,us,usb000kixa,2013-12-30T23:41:08.000Z,"0 km SE of Mahayag, Philippines",earthquake,,1.8,0.127,,reviewed,us,us
2013-10-15T02:41:59.530Z,9.9337,123.9839,10,5,mb,,57,3.253,0.78,us,usb000kdeb,2013-12-30T23:41:08.000Z,"1 km S of Panaytayon, Philippines",earthquake,,1.7,0.06,,reviewed,us,us
2013-10-15T02:36:46.540Z,9.9737,124.2654,10,4.5,mb,,133,3.164,1.05,us,usb000kdea,2013-12-30T23:41:08.000Z,"7 km NW of Mahayag, Philippines",earthquake,,1.7,0.086,,reviewed,us,us
2013-10-15T02:22:45.280Z,9.7905,124.0349,10,4.3,mb,,169,3.105,0.84,us,usb000kix3,2013-12-30T23:41:08.000Z,"7 km ENE of Balilihan, Philippines",earthquake,,1.9,0.168,,reviewed,us,us
2013-10-15T01:55:27.770Z,9.8112,124.014,10,4.9,mb,,79,3.133,0.69,us,usb000kde0,2013-12-30T23:41:08.000Z,"7 km NE of Balilihan, Philippines",earthquake,,1.8,0.06,,reviewed,us,us
2013-10-15T01:37:54.050Z,9.7124,123.7433,10,5.1,mb,,97,3.192,0.55,us,usb000kdds,2013-12-30T23:41:08.000Z,"9 km NNW of San Agustin, Philippines",earthquake,,1.8,0.049,,reviewed,us,us
2013-10-15T01:36:56.930Z,9.5237,123.7992,10,4.6,mb,,100,3.007,0.71,us,usb000kiwu,2013-12-30T23:41:08.000Z,"4 km SE of Tawala, Philippines",earthquake,,1.8,0.088,,reviewed,us,us
2013-10-15T01:30:02.940Z,9.9136,124.1794,10,4.7,mb,,76,3.146,0.5,us,usb000kddp,2013-12-30T23:41:08.000Z,"7 km N of Nueva Fuerza, Philippines",earthquake,,1.3,0.084,,reviewed,us,us
2013-10-15T01:24:55.090Z,9.9667,123.9859,10,4.7,mb,,59,3.281,0.79,us,usb000kddn,2013-12-30T23:41:08.000Z,"1 km N of Panaytayon, Philippines",earthquake,,1.8,0.077,,reviewed,us,us
2013-10-15T01:21:45.030Z,10.0164,123.8771,10,4.4,mb,,125,3.377,0.45,us,usb000kiwl,2013-12-30T23:41:08.000Z,"10 km NNW of Abucayan, Philippines",earthquake,,1.7,0.179,,reviewed,us,us
2013-10-15T01:07:35.340Z,9.9202,124.1325,10,4.9,mb,,48,3.173,0.88,us,usb000kdd6,2013-12-30T23:41:07.000Z,"4 km E of Sagbayan, Philippines",earthquake,,1.8,0.066,,reviewed,us,us
2013-10-15T01:03:00.130Z,9.9406,124.0969,10,4.6,mb,,127,3.207,0.94,us,usb000kdda,2013-12-30T23:41:07.000Z,"0 km NE of Canmaya Diot, Philippines",earthquake,,1.8,0.103,,reviewed,us,us
2013-10-15T00:40:14.780Z,10.0972,124.2236,10,4.2,mb,,119,3.293,1.2,us,usb000kiwe,2013-12-30T23:41:07.000Z,"Leyte, Philippines",earthquake,,1.9,0.264,,reviewed,us,us
2013-10-15T00:39:11.790Z,10.0002,124.1835,10,4.7,mb,,66,3.222,1.14,us,usb000kiwd,2013-12-30T23:41:07.000Z,"11 km NE of Canmaya Diot, Philippines",earthquake,,1.5,0.092,,reviewed,us,us
2013-10-15T00:33:43.100Z,9.9045,124.165,10,5.3,mb,,47,3.144,0.92,us,usb000kdca,2013-12-30T23:41:07.000Z,"6 km N of Nueva Fuerza, Philippines",earthquake,,1.7,0.057,,reviewed,us,us
2013-10-15T00:32:34.170Z,9.6544,124.3451,10,4.7,mb,,95,2.843,1.11,us,usb000kiwc,2013-12-30T23:41:07.000Z,"1 km SW of Canjulao, Philippines",earthquake,,1.7,0.147,,reviewed,us,us
2013-10-15T00:31:23.710Z,9.9159,124.0725,10,4.9,mb,,118,3.196,0.99,us,usb000kiwb,2013-12-30T23:41:07.000Z,"2 km W of Sagbayan, Philippines",earthquake,,1.9,0.112,,reviewed,us,us
2013-10-15T00:28:57.210Z,9.9521,124.2232,17.31,5.2,mb,,44,3.162,0.99,us,usb000kdbw,2013-12-30T23:41:07.000Z,"8 km NW of Dagohoy, Philippines",earthquake,,3.2,0.055,,reviewed,us,us
2013-10-15T00:24:56.800Z,9.8321,123.9569,10,4.8,mb,,91,3.179,1.04,us,usb000kiwa,2013-12-30T23:41:07.000Z,"5 km SE of Bagacay, Philippines",earthquake,,1.8,0.249,,reviewed,us,us
2013-10-15T00:22:21.480Z,9.8612,123.8709,10,4.5,mb,,177,3.247,0.82,us,usb000kiw8,2013-12-30T23:41:07.000Z,"3 km S of Calape, Philippines",earthquake,,1.9,0.271,,reviewed,us,us
2013-10-15T00:19:26.590Z,10.0098,124.0544,10,5.3,mb,,91,3.287,1.22,us,usb000kiw5,2013-12-30T23:41:07.000Z,"4 km N of Nahawan, Philippines",earthquake,,1.9,0.133,,reviewed,us,us
2013-10-15T00:18:51.590Z,10.0015,124.3693,10,4.9,mb,,102,11.086,0.72,us,usb000kiw4,2013-12-30T23:41:07.000Z,"3 km ENE of San Miguel, Philippines",earthquake,,1.9,0.14,,reviewed,us,us
2013-10-15T00:17:39.940Z,9.9697,124.1844,10,5,mb,,118,3.194,1.46,us,usb000kiw3,2013-12-30T23:41:07.000Z,"10 km ENE of Canmaya Diot, Philippines",earthquake,,1.9,0.2,,reviewed,us,us
2013-10-15T00:12:32.050Z,9.8796,124.1167,19.04,7.1,mww,,12,3.144,1.3,us,usb000kdb4,2022-08-06T18:18:44.749Z,"4 km SE of Sagbayan, Philippines",earthquake,,2.9,,,reviewed,us,us
2012-01-29T06:01:48.350Z,10.091,124.249,571.7,4.8,mb,90,83.3,,0.73,us,usp000je48,2014-11-07T01:46:51.610Z,"6 km S of Bagacay, Philippines",earthquake,,5.9,,70,reviewed,us,us
2011-05-07T01:48:40.360Z,9.562,124.18,35,4.3,mb,11,187.2,,1.25,us,usp000j14u,2014-11-07T01:44:46.538Z,"6 km SSW of Valencia, Philippines",earthquake,,,,1,reviewed,us,us
2007-09-27T05:36:56.990Z,9.801,124.436,43.1,4.5,mb,13,175.9,,1.46,us,usp000fp6t,2014-11-07T01:33:40.839Z,"3 km NE of Lombog, Philippines",earthquake,,25.1,,1,reviewed,us,us
2005-03-31T12:25:34.310Z,9.607,124.376,35,4.9,mwc,53,110.6,,0.91,us,usp000dkt2,2016-11-10T01:03:47.937Z,"5 km S of Jagna, Philippines",earthquake,,,,,reviewed,us,hrv
2004-05-19T21:28:10.640Z,9.926,124.038,35,4.8,mb,52,107.6,,0.96,us,usp000cvkz,2014-11-07T01:22:21.334Z,"4 km SSE of Clarin, Philippines",earthquake,,,,17,reviewed,us,us
2003-04-19T08:49:02.250Z,9.821,124.107,607.3,4.3,mb,18,133,,0.75,us,usp000bvh6,2014-11-07T01:18:22.203Z,"6 km NW of Batuan, Philippines",earthquake,,11,,3,reviewed,us,us
1997-10-03T09:32:26.940Z,9.897,124.031,33,4.2,mb,,,,0.95,us,usp00088eh,2014-11-07T01:03:36.218Z,"6 km WSW of Sagbayan, Philippines",earthquake,,,,5,reviewed,us,us
1996-05-27T05:45:30.660Z,9.947,124.093,65.1,5.2,mwc,,,,0.8,us,usp0007huh,2022-04-29T20:20:37.917Z,"0 km N of Canmaya Diot, Philippines",earthquake,,7.9,,,reviewed,us,hrv
1996-05-24T12:41:10.590Z,9.824,124.038,300,4,mb,,,,0.5,us,usp0007hr9,2014-11-07T01:00:28.986Z,"10 km NE of Balilihan, Philippines",earthquake,,,,10,reviewed,us,us
1995-07-03T17:34:31.890Z,10.184,124.56,33,4.2,mb,,,,0.3,us,usp000702v,2014-11-07T00:58:16.802Z,"6 km N of Pitogo, Philippines",earthquake,,,,5,reviewed,us,us
1995-06-20T14:58:18.920Z,9.608,124.446,61.5,4.5,mb,,,,0.9,us,usp0006zf3,2014-11-07T00:58:10.558Z,"9 km ESE of Jagna, Philippines",earthquake,,11.3,,15,reviewed,us,us
1991-12-05T01:47:52.400Z,10.164,123.721,20.3,4.8,mb,,,,1.1,us,usp000501y,2014-11-07T00:49:42.010Z,"1 km E of San Fernando, Philippines",earthquake,,,,20,reviewed,us,us
1991-05-18T06:26:29.360Z,10.06,124.296,100.2,4.4,mb,,,,1.2,us,usp0004rt0,2014-11-07T00:48:35.815Z,"4 km SW of San Roque, Philippines",earthquake,,29.4,,3,reviewed,us,us
1991-05-10T05:31:04.490Z,10.037,124.157,84.4,4.6,mb,,,,0.3,us,usp0004rf6,2014-11-07T00:48:33.765Z,"12 km S of Jetafe, Philippines",earthquake,,18.5,,1,reviewed,us,us
1990-03-18T00:45:16.880Z,9.634,124.403,78.9,4.6,mb,,,,0.9,us,usp00046rq,2014-11-07T00:45:57.284Z,"4 km ESE of Jagna, Philippines",earthquake,,11.2,,6,reviewed,us,us
1990-02-16T22:50:51.940Z,9.69,124.421,33,4.9,mb,,,,0.9,us,usp00045hg,2014-11-07T00:45:45.195Z,"6 km NE of Jagna, Philippines",earthquake,,,,3,reviewed,us,us
1990-02-14T08:37:25.530Z,9.513,124.286,58.2,4.2,mb,,,,1,us,usp00045ej,2014-11-07T00:45:43.361Z,"11 km S of Garcia Hernandez, Philippines",earthquake,,16.1,,2,reviewed,us,us
1990-02-11T23:03:26.970Z,9.65,124.491,33,4.8,mb,,,,0.9,us,usp00045bu,2014-11-07T00:45:43.110Z,"10 km SSW of Candabong, Philippines",earthquake,,,,3,reviewed,us,us
1990-02-10T20:55:16.380Z,9.72,124.506,33,5.1,mb,,,,1.1,us,usp00045ab,2014-11-07T00:45:42.152Z,"3 km WSW of Candabong, Philippines",earthquake,,,,4,reviewed,us,us
1990-02-10T00:58:48.620Z,9.58,124.499,33,4.4,mb,,,,1.2,us,usp000458y,2014-11-07T00:45:41.958Z,"16 km ESE of Jagna, Philippines",earthquake,,,,6,reviewed,us,us
1990-02-09T02:01:12.120Z,9.651,124.489,63,4.6,mb,,,,0.8,us,usp000457q,2014-11-07T00:45:41.115Z,"10 km SSW of Candabong, Philippines",earthquake,,11.8,,6,reviewed,us,us
1990-02-08T09:48:23.590Z,9.589,124.546,33,4.9,mb,,,,1.5,us,usp000456x,2014-11-07T00:45:40.963Z,"16 km S of Candabong, Philippines",earthquake,,,,7,reviewed,us,us
1990-02-08T08:26:42.220Z,9.707,124.489,33,5.3,mb,,,,1.1,us,usp000456s,2014-11-07T00:45:40.946Z,"5 km SSE of Canhaway, Philippines",earthquake,,,,19,reviewed,us,us
1985-04-27T04:15:18.450Z,9.711,124.195,598.3,5.1,mb,,,,0.9,us,usp0002e76,2014-11-07T00:36:28.848Z,"8 km SSE of Nueva Vida Sur, Philippines",earthquake,,4.8,,15,reviewed,us,us
1983-03-11T13:30:02.080Z,9.989,123.82,33,4.6,mb,,,,0.8,us,usp0001tjd,2014-11-07T00:32:48.614Z,"10 km NW of San Isidro, Philippines",earthquake,,,,5,reviewed,us,us
1982-01-14T11:36:03.970Z,9.994,124.249,606,5.6,mb,,,,1.1,us,usp0001j1a,2022-04-28T00:44:41.095Z,"9 km NW of Mahayag, Philippines",earthquake,,1.7,,46,reviewed,us,us
1981-09-04T11:15:13.610Z,9.964,124.035,644.5,6,mb,,,,0.9,us,usp0001fp1,2022-04-28T00:53:18.941Z,"1 km ENE of Clarin, Philippines",earthquake,,1.2,,52,reviewed,us,us
1975-03-10T21:00:02.800Z,9.557,124.051,53,5.2,mb,,,,,us,usp0000a6j,2020-08-26T00:11:32.790Z,"9 km S of Loboc, Philippines",earthquake,,,,,reviewed,us,us
1974-05-13T02:11:29.700Z,10.077,124.122,592,5.3,mb,,,,,us,usp00006b5,2022-04-27T18:23:22.436Z,"8 km SSW of Jetafe, Philippines",earthquake,,,,,reviewed,us,us
